{"cameraMode":{"drawMode":0,"name":"Shaded","section":"Shading Mode"},"sceneLighting":false,"audioPlay":false,"sceneViewState":{"showFog":true,"showMaterialUpdate":false,"showSkybox":false,"showFlares":true,"showImageEffects":true,"showParticleSystems":true,"showVisualEffectGraphs":true,"m_FxEnabled":true},"in2DMode":false,"pivot":{"x":11.371135711669922,"y":2.0869064331054689,"z":-7.1424150466918949},"rotation":{"x":0.04133196547627449,"y":-0.9584254622459412,"z":0.18811464309692384,"w":0.21059390902519227},"size":2.759798765182495,"orthographic":false}