{"cameraMode":{"drawMode":0,"name":"Shaded","section":"Shading Mode"},"sceneLighting":true,"audioPlay":false,"sceneViewState":{"showFog":true,"showMaterialUpdate":false,"showSkybox":true,"showFlares":true,"showImageEffects":true,"showParticleSystems":true,"showVisualEffectGraphs":true,"m_FxEnabled":true},"in2DMode":false,"pivot":{"x":0.5809447765350342,"y":0.2549581527709961,"z":0.3265068531036377},"rotation":{"x":0.32953643798828127,"y":-0.3271389305591583,"z":0.1229107528924942,"w":0.8770890235900879},"size":13.867612838745118,"orthographic":false}