{"cameraMode":{"drawMode":0,"name":"Shaded","section":"Shading Mode"},"sceneLighting":true,"audioPlay":false,"sceneViewState":{"showFog":true,"showMaterialUpdate":false,"showSkybox":true,"showFlares":true,"showImageEffects":true,"showParticleSystems":true,"showVisualEffectGraphs":true,"m_FxEnabled":true},"in2DMode":false,"pivot":{"x":138.0503387451172,"y":133.8756103515625,"z":-132.10276794433595},"rotation":{"x":0.3234711289405823,"y":0.004257404711097479,"z":-0.0014556582318618894,"w":0.9462302327156067},"size":-2.5628390312194826,"orthographic":false}