{"cameraMode":{"drawMode":0,"name":"Shaded","section":"Shading Mode"},"sceneLighting":true,"audioPlay":false,"sceneViewState":{"showFog":true,"showMaterialUpdate":false,"showSkybox":true,"showFlares":true,"showImageEffects":true,"showParticleSystems":true,"showVisualEffectGraphs":true,"m_FxEnabled":true},"in2DMode":false,"pivot":{"x":714.5247802734375,"y":272.5380554199219,"z":-153.73397827148438},"rotation":{"x":0.002032544231042266,"y":-0.9756898880004883,"z":0.21901372075080872,"w":0.009066259488463402},"size":11.925186157226563,"orthographic":false}