{"cameraMode":{"drawMode":0,"name":"Shaded","section":"Shading Mode"},"sceneLighting":false,"audioPlay":false,"sceneViewState":{"showFog":true,"showMaterialUpdate":false,"showSkybox":false,"showFlares":true,"showImageEffects":true,"showParticleSystems":true,"showVisualEffectGraphs":true,"m_FxEnabled":true},"in2DMode":false,"pivot":{"x":0.010053381323814392,"y":0.9076297283172607,"z":1.3300000429153443},"rotation":{"x":0.32953643798828127,"y":-0.3271389305591583,"z":0.1229107528924942,"w":0.8770890235900879},"size":0.1732051968574524,"orthographic":false}