{"cameraMode":{"drawMode":0,"name":"Shaded","section":"Shading Mode"},"sceneLighting":false,"audioPlay":false,"sceneViewState":{"showFog":true,"showMaterialUpdate":false,"showSkybox":false,"showFlares":true,"showImageEffects":true,"showParticleSystems":true,"showVisualEffectGraphs":true,"m_FxEnabled":true},"in2DMode":false,"pivot":{"x":-0.011536598205566407,"y":0.9184157848358154,"z":1.3890243768692017},"rotation":{"x":0.28724491596221926,"y":-0.2818474769592285,"z":0.0888545960187912,"w":0.9111332297325134},"size":2.0147531032562258,"orthographic":false}