{"cameraMode":{"drawMode":0,"name":"Shaded","section":"Shading Mode"},"sceneLighting":false,"audioPlay":false,"sceneViewState":{"showFog":true,"showMaterialUpdate":false,"showSkybox":false,"showFlares":true,"showImageEffects":true,"showParticleSystems":true,"showVisualEffectGraphs":true,"m_FxEnabled":true},"in2DMode":false,"pivot":{"x":-0.3722376823425293,"y":1.810119390487671,"z":-13.838510513305664},"rotation":{"x":0.04133196547627449,"y":-0.9584254622459412,"z":0.18811464309692384,"w":0.21059390902519227},"size":2.7873706817626955,"orthographic":false}