{"cameraMode":{"drawMode":0,"name":"Shaded","section":"Shading Mode"},"sceneLighting":false,"audioPlay":false,"sceneViewState":{"showFog":true,"showMaterialUpdate":false,"showSkybox":false,"showFlares":true,"showImageEffects":true,"showParticleSystems":true,"showVisualEffectGraphs":true,"m_FxEnabled":true},"in2DMode":false,"pivot":{"x":-0.07434749603271485,"y":1.9799938201904297,"z":1.5844025611877442},"rotation":{"x":0.29674410820007326,"y":0.03580004721879959,"z":-0.01113311666995287,"w":0.9542206525802612},"size":2.3973021507263185,"orthographic":false}