{"cameraMode":{"drawMode":0,"name":"Shaded","section":"Shading Mode"},"sceneLighting":false,"audioPlay":false,"sceneViewState":{"showFog":true,"showMaterialUpdate":false,"showSkybox":false,"showFlares":true,"showImageEffects":true,"showParticleSystems":true,"showVisualEffectGraphs":true,"m_FxEnabled":true},"in2DMode":false,"pivot":{"x":0.02637845277786255,"y":0.5874824523925781,"z":0.46394869685173037},"rotation":{"x":0.1979408860206604,"y":-0.6130875945091248,"z":0.16237014532089234,"w":0.7473880648612976},"size":1.6396160125732422,"orthographic":false}