{"cameraMode":{"drawMode":0,"name":"Shaded","section":"Shading Mode"},"sceneLighting":false,"audioPlay":false,"sceneViewState":{"showFog":true,"showMaterialUpdate":false,"showSkybox":false,"showFlares":true,"showImageEffects":true,"showParticleSystems":true,"showVisualEffectGraphs":true,"m_FxEnabled":true},"in2DMode":false,"pivot":{"x":0.010053396224975586,"y":0.9076297283172607,"z":0.2353973388671875},"rotation":{"x":0.23677052557468415,"y":-0.19088907539844514,"z":0.047501418739557269,"w":0.9514484405517578},"size":0.8660253882408142,"orthographic":false}